-- Seed Data for Degree College System

INSERT INTO departments (id, name, hod_id) VALUES
(1, 'BCA', NULL),
(2, 'Bsc.computers', NULL),
(3, 'Bsc.physics', NULL),
(4, 'Bsc.chemistry', NULL),
(5, 'Bsc.zoology', NULL),
(6, 'Bsc.mathematics', NULL),
(7, 'Bsc.data Science', NULL),
(8, 'BBA', NULL),
(9, 'B.Com', NULL);

INSERT INTO minors (id, name, dept_id) VALUES
(1, 'computers', 2),
(2, 'mathematics', 6),
(3, 'physics', 3),
(4, 'chemistry', 4),
(5, 'electronics', 3),
(6, 'statics', 6);

INSERT INTO users (id, name, email, password_hash, role, dept_id, status, joined_date, avatar, is_registered) VALUES
(1, 'Dr. Ramesh Kumar', 'principal@college.edu', 'admin123', 'admin', NULL, 'active', '2024-06-01', 'R', true),
(2, 'Dr. BCA Hod', 'hod.bca@college.edu', 'admin123', 'hod', 1, 'active', '2024-06-05', 'H', true),
(3, 'Dr. CS Hod', 'hod.cs@college.edu', 'admin123', 'hod', 2, 'active', '2024-06-05', 'H', true),
(4, 'Dr. Physics Hod', 'hod.phy@college.edu', 'admin123', 'hod', 3, 'active', '2024-06-05', 'H', true),
(5, 'Dr. Chem Hod', 'hod.chem@college.edu', 'admin123', 'hod', 4, 'active', '2024-06-05', 'H', true),
(6, 'Dr. Zoo Hod', 'hod.zoo@college.edu', 'admin123', 'hod', 5, 'active', '2024-06-05', 'H', true),
(7, 'Dr. Math Hod', 'hod.math@college.edu', 'admin123', 'hod', 6, 'active', '2024-06-05', 'H', true),
(8, 'Dr. DS Hod', 'hod.ds@college.edu', 'admin123', 'hod', 7, 'active', '2024-06-05', 'H', true),
(9, 'Dr. BBA Hod', 'hod.bba@college.edu', 'admin123', 'hod', 8, 'active', '2024-06-05', 'H', true),
(10, 'Dr. Bcom Hod', 'hod.bcom@college.edu', 'admin123', 'hod', 9, 'active', '2024-06-05', 'H', true),
(11, 'Prof. BCA', 'prof.bca@college.edu', 'admin123', 'faculty', 1, 'active', '2024-06-10', 'P', true),
(12, 'Prof. CS', 'prof.cs@college.edu', 'admin123', 'faculty', 2, 'active', '2024-06-10', 'P', true),
(13, 'Prof. Physics', 'prof.phy@college.edu', 'admin123', 'faculty', 3, 'active', '2024-06-10', 'P', true),
(14, 'Prof. Chem', 'prof.chem@college.edu', 'admin123', 'faculty', 4, 'active', '2024-06-10', 'P', true),
(15, 'Prof. Zoo', 'prof.zoo@college.edu', 'admin123', 'faculty', 5, 'active', '2024-06-10', 'P', true),
(16, 'Prof. Math', 'prof.math@college.edu', 'admin123', 'faculty', 6, 'active', '2024-06-10', 'P', true),
(17, 'Prof. DS', 'prof.ds@college.edu', 'admin123', 'faculty', 7, 'active', '2024-06-10', 'P', true),
(18, 'Prof. BBA', 'prof.bba@college.edu', 'admin123', 'faculty', 8, 'active', '2024-06-10', 'P', true),
(19, 'Prof. Bcom', 'prof.bcom@college.edu', 'admin123', 'faculty', 9, 'active', '2024-06-10', 'P', true),
(20, 'Student 20', 'student20@college.edu', 'admin123', 'student', 1, 'active', '2024-07-01', 'S', true),
(21, 'Student 21', 'student21@college.edu', 'admin123', 'student', 1, 'active', '2024-07-01', 'S', true),
(22, 'Student 22', 'student22@college.edu', 'admin123', 'student', 1, 'active', '2024-07-01', 'S', true),
(23, 'Student 23', 'student23@college.edu', 'admin123', 'student', 1, 'active', '2024-07-01', 'S', true),
(24, 'Student 24', 'student24@college.edu', 'admin123', 'student', 1, 'active', '2024-07-01', 'S', true),
(25, 'Student 25', 'student25@college.edu', 'admin123', 'student', 2, 'active', '2024-07-01', 'S', true),
(26, 'Student 26', 'student26@college.edu', 'admin123', 'student', 2, 'active', '2024-07-01', 'S', true),
(27, 'Student 27', 'student27@college.edu', 'admin123', 'student', 2, 'active', '2024-07-01', 'S', true),
(28, 'Student 28', 'student28@college.edu', 'admin123', 'student', 2, 'active', '2024-07-01', 'S', true),
(29, 'Student 29', 'student29@college.edu', 'admin123', 'student', 2, 'active', '2024-07-01', 'S', true),
(30, 'Student 30', 'student30@college.edu', 'admin123', 'student', 3, 'active', '2024-07-01', 'S', true),
(31, 'Student 31', 'student31@college.edu', 'admin123', 'student', 3, 'active', '2024-07-01', 'S', true),
(32, 'Student 32', 'student32@college.edu', 'admin123', 'student', 3, 'active', '2024-07-01', 'S', true),
(33, 'Student 33', 'student33@college.edu', 'admin123', 'student', 3, 'active', '2024-07-01', 'S', true),
(34, 'Student 34', 'student34@college.edu', 'admin123', 'student', 3, 'active', '2024-07-01', 'S', true),
(35, 'Student 35', 'student35@college.edu', 'admin123', 'student', 4, 'active', '2024-07-01', 'S', true),
(36, 'Student 36', 'student36@college.edu', 'admin123', 'student', 4, 'active', '2024-07-01', 'S', true),
(37, 'Student 37', 'student37@college.edu', 'admin123', 'student', 4, 'active', '2024-07-01', 'S', true),
(38, 'Student 38', 'student38@college.edu', 'admin123', 'student', 4, 'active', '2024-07-01', 'S', true),
(39, 'Student 39', 'student39@college.edu', 'admin123', 'student', 4, 'active', '2024-07-01', 'S', true),
(40, 'Student 40', 'student40@college.edu', 'admin123', 'student', 5, 'active', '2024-07-01', 'S', true),
(41, 'Student 41', 'student41@college.edu', 'admin123', 'student', 5, 'active', '2024-07-01', 'S', true),
(42, 'Student 42', 'student42@college.edu', 'admin123', 'student', 5, 'active', '2024-07-01', 'S', true),
(43, 'Student 43', 'student43@college.edu', 'admin123', 'student', 5, 'active', '2024-07-01', 'S', true),
(44, 'Student 44', 'student44@college.edu', 'admin123', 'student', 5, 'active', '2024-07-01', 'S', true),
(45, 'Student 45', 'student45@college.edu', 'admin123', 'student', 6, 'active', '2024-07-01', 'S', true),
(46, 'Student 46', 'student46@college.edu', 'admin123', 'student', 6, 'active', '2024-07-01', 'S', true),
(47, 'Student 47', 'student47@college.edu', 'admin123', 'student', 6, 'active', '2024-07-01', 'S', true),
(48, 'Student 48', 'student48@college.edu', 'admin123', 'student', 6, 'active', '2024-07-01', 'S', true),
(49, 'Student 49', 'student49@college.edu', 'admin123', 'student', 6, 'active', '2024-07-01', 'S', true),
(50, 'Student 50', 'student50@college.edu', 'admin123', 'student', 7, 'active', '2024-07-01', 'S', true),
(51, 'Student 51', 'student51@college.edu', 'admin123', 'student', 7, 'active', '2024-07-01', 'S', true),
(52, 'Student 52', 'student52@college.edu', 'admin123', 'student', 7, 'active', '2024-07-01', 'S', true),
(53, 'Student 53', 'student53@college.edu', 'admin123', 'student', 7, 'active', '2024-07-01', 'S', true),
(54, 'Student 54', 'student54@college.edu', 'admin123', 'student', 7, 'active', '2024-07-01', 'S', true),
(55, 'Student 55', 'student55@college.edu', 'admin123', 'student', 8, 'active', '2024-07-01', 'S', true),
(56, 'Student 56', 'student56@college.edu', 'admin123', 'student', 8, 'active', '2024-07-01', 'S', true),
(57, 'Student 57', 'student57@college.edu', 'admin123', 'student', 8, 'active', '2024-07-01', 'S', true),
(58, 'Student 58', 'student58@college.edu', 'admin123', 'student', 8, 'active', '2024-07-01', 'S', true),
(59, 'Student 59', 'student59@college.edu', 'admin123', 'student', 8, 'active', '2024-07-01', 'S', true),
(60, 'Student 60', 'student60@college.edu', 'admin123', 'student', 9, 'active', '2024-07-01', 'S', true),
(61, 'Student 61', 'student61@college.edu', 'admin123', 'student', 9, 'active', '2024-07-01', 'S', true),
(62, 'Student 62', 'student62@college.edu', 'admin123', 'student', 9, 'active', '2024-07-01', 'S', true),
(63, 'Student 63', 'student63@college.edu', 'admin123', 'student', 9, 'active', '2024-07-01', 'S', true),
(64, 'Student 64', 'student64@college.edu', 'admin123', 'student', 9, 'active', '2024-07-01', 'S', true);

-- Update Departments to link HODs
UPDATE departments SET hod_id = 2 WHERE id = 1;
UPDATE departments SET hod_id = 3 WHERE id = 2;
UPDATE departments SET hod_id = 4 WHERE id = 3;
UPDATE departments SET hod_id = 5 WHERE id = 4;
UPDATE departments SET hod_id = 6 WHERE id = 5;
UPDATE departments SET hod_id = 7 WHERE id = 6;
UPDATE departments SET hod_id = 8 WHERE id = 7;
UPDATE departments SET hod_id = 9 WHERE id = 8;
UPDATE departments SET hod_id = 10 WHERE id = 9;

INSERT INTO classes (id, code, label, year, section, dept_id, class_teacher_id) VALUES
(1, 'bca-1a', 'BCA - 1st Year Section A', '1st Year', 'A', 1, 11),
(2, 'bsccomputers-1a', 'Bsc.computers - 1st Year Section A', '1st Year', 'A', 2, 12),
(3, 'bscphysics-1a', 'Bsc.physics - 1st Year Section A', '1st Year', 'A', 3, 13),
(4, 'bscchemistry-1a', 'Bsc.chemistry - 1st Year Section A', '1st Year', 'A', 4, 14),
(5, 'bsczoology-1a', 'Bsc.zoology - 1st Year Section A', '1st Year', 'A', 5, 15),
(6, 'bscmathematics-1a', 'Bsc.mathematics - 1st Year Section A', '1st Year', 'A', 6, 16),
(7, 'bscdatascience-1a', 'Bsc.data Science - 1st Year Section A', '1st Year', 'A', 7, 17),
(8, 'bba-1a', 'BBA - 1st Year Section A', '1st Year', 'A', 8, 18),
(9, 'bcom-1a', 'B.Com - 1st Year Section A', '1st Year', 'A', 9, 19);

INSERT INTO students (user_id, roll_number, class_id, minor_id) VALUES
(20, '24BCA001', 1, NULL),
(21, '24BCA002', 1, NULL),
(22, '24BCA003', 1, NULL),
(23, '24BCA004', 1, NULL),
(24, '24BCA005', 1, NULL),
(25, '24BSCO001', 2, 5),
(26, '24BSCO002', 2, 5),
(27, '24BSCO003', 2, 1),
(28, '24BSCO004', 2, 3),
(29, '24BSCO005', 2, 3),
(30, '24BSPH001', 3, 5),
(31, '24BSPH002', 3, 3),
(32, '24BSPH003', 3, 3),
(33, '24BSPH004', 3, 1),
(34, '24BSPH005', 3, 1),
(35, '24BSCH001', 4, 5),
(36, '24BSCH002', 4, 1),
(37, '24BSCH003', 4, 6),
(38, '24BSCH004', 4, 4),
(39, '24BSCH005', 4, 6),
(40, '24BSZO001', 5, 5),
(41, '24BSZO002', 5, 4),
(42, '24BSZO003', 5, 1),
(43, '24BSZO004', 5, 4),
(44, '24BSZO005', 5, 3),
(45, '24BSMA001', 6, 1),
(46, '24BSMA002', 6, 5),
(47, '24BSMA003', 6, 6),
(48, '24BSMA004', 6, 3),
(49, '24BSMA005', 6, 5),
(50, '24BSDA001', 7, 3),
(51, '24BSDA002', 7, 5),
(52, '24BSDA003', 7, 2),
(53, '24BSDA004', 7, 4),
(54, '24BSDA005', 7, 1),
(55, '24BBA001', 8, NULL),
(56, '24BBA002', 8, NULL),
(57, '24BBA003', 8, NULL),
(58, '24BBA004', 8, NULL),
(59, '24BBA005', 8, NULL),
(60, '24B.CO001', 9, NULL),
(61, '24B.CO002', 9, NULL),
(62, '24B.CO003', 9, NULL),
(63, '24B.CO004', 9, NULL),
(64, '24B.CO005', 9, NULL);

